{
    "CDK2" : [-0.45834285, -7.7259426, 26.850204],
    "KIF11" : [17.808031, 16.11821, 109.2668],
    "CXCR4" : [20.609926, -7.9720383, 71.06837],
    "AKT1" : [5.9902635, 3.014, 17.344893],
    "AMPC" : [23.556738, 5.735105, 14.399106],
    "CP3A4" : [36.685936, -15.693622, 29.690536],
    "GCR" : [39.85172, 30.294668, 9.334667],
    "HIVPR" : [20.136364, -2.722073, 18.296537],
    "HIVRT" : [9.527231, 12.405886, 17.43281],
    "HIPK3" : [-54.5347, 7.9805136, -46.314316],
    "ABHD6" : [16.799501, 5.2281, 91.4294]
}